mvo.vel_x,mvo.vel_y,mvo.vel_z,mvo.pos_x,mvo.pos_y,mvo.pos_z,imu.acc_x,imu.acc_y,imu.acc_z,imu.gyro_x,imu.gyro_y,imu.gyro_z,imu.q0,imu.q1,imu.q2, self.q3,imu.vg_x,imu.vg_y,imu.vg_z
0.000000,0.000000,0.000000,0.000000,0.000000,0.000000,0.311143,0.136869,-1.017725,-0.565760,0.559263,-1.271815,0.954292,-0.122865,0.160013,-0.220516,0.000000,0.000000,0.413506
-0.010000,-0.250000,-0.040000,0.016278,0.001072,-0.012605,0.311143,0.136869,-1.017725,-0.565760,0.559263,-1.271815,0.954292,-0.122865,0.160013,-0.220516,0.000000,0.000000,0.413506
-0.010000,-0.250000,-0.040000,0.016278,0.001072,-0.012605,-0.014114,0.730579,-0.868270,-0.255622,0.032623,-2.317836,0.879837,-0.213361,0.146408,-0.398659,0.000000,0.000000,-0.066790
-0.010000,-0.250000,-0.040000,0.016278,0.001072,-0.012605,-0.137902,0.766864,-0.773187,-0.827248,1.128381,-0.892224,0.785794,-0.268288,0.178069,-0.528053,0.000000,0.000000,-0.333197
-0.260000,-0.040000,-0.120000,0.008238,-0.014741,-0.011825,-0.137902,0.766864,-0.773187,-0.827248,1.128381,-0.892224,0.785794,-0.268288,0.178069,-0.528053,0.000000,0.000000,-0.333197
-0.260000,-0.040000,-0.120000,0.008238,-0.014741,-0.011825,-0.307214,0.409109,-0.915547,0.219714,-0.033311,-1.499142,0.687144,-0.230851,0.228400,-0.649903,0.000000,0.000000,-0.220986
-0.260000,-0.040000,-0.120000,0.008238,-0.014741,-0.011825,0.103586,0.266995,-0.794614,0.066877,0.279857,-0.978384,0.647623,-0.190936,0.238679,-0.697968,0.000000,0.000000,-0.098255
-0.070000,-0.200000,0.280000,0.004976,-0.016865,-0.010762,0.103586,0.266995,-0.794614,0.066877,0.279857,-0.978384,0.647623,-0.190936,0.238679,-0.697968,0.000000,0.000000,-0.098255
-0.070000,-0.200000,0.280000,0.004976,-0.016865,-0.010762,0.080834,0.447723,-0.760146,-0.341494,-0.005401,-0.182074,0.598955,-0.202896,0.227796,-0.740402,0.000000,0.000000,0.399909
0.000000,0.060000,-0.100000,0.003308,-0.017285,-0.010736,0.080834,0.447723,-0.760146,-0.341494,-0.005401,-0.182074,0.598955,-0.202896,0.227796,-0.740402,0.000000,0.000000,0.399909
0.000000,0.060000,-0.100000,0.003308,-0.017285,-0.010736,0.191550,0.701378,-0.933661,-0.870521,0.081204,0.176735,0.584114,-0.212547,0.242983,-0.744711,0.000000,0.000000,0.223888
0.000000,0.060000,-0.100000,0.003308,-0.017285,-0.010736,-0.006820,0.696503,-0.734114,-0.308245,0.183414,-0.044998,0.569694,-0.207424,0.280040,-0.744313,0.000000,0.000000,0.201216
0.000000,0.060000,-0.100000,0.003308,-0.017285,-0.010736,-0.125585,0.545136,-0.681978,-0.855709,0.158936,-0.363514,0.544183,-0.237289,0.289156,-0.750965,0.000000,0.000000,0.359929
0.000000,0.060000,-0.100000,0.003308,-0.017285,-0.010736,0.070321,0.585004,-0.368913,-0.455900,0.569225,0.157255,0.532786,-0.212868,0.314946,-0.756066,0.000000,0.000000,0.563681
-0.040000,0.050000,-0.070000,-0.000990,-0.016353,-0.012514,0.070321,0.585004,-0.368913,-0.455900,0.569225,0.157255,0.532786,-0.212868,0.314946,-0.756066,0.000000,0.000000,0.563681
-0.040000,0.050000,-0.070000,-0.000990,-0.016353,-0.012514,0.152276,0.591821,-0.461921,-0.504473,-0.357790,-0.173457,0.533352,-0.251765,0.348633,-0.728426,0.000000,0.000000,0.996837
-0.040000,0.050000,-0.070000,-0.000990,-0.016353,-0.012514,-0.004859,1.058753,-0.525092,-0.400638,-1.045869,0.290166,0.551705,-0.363108,0.329867,-0.674508,0.000000,0.000000,0.802707
-0.040000,0.050000,-0.070000,-0.000990,-0.016353,-0.012514,-0.123452,1.141500,-0.605845,1.439288,0.480735,-0.247384,0.595301,-0.349771,0.251971,-0.678076,0.000000,0.000000,0.463792
0.220000,-0.030000,0.170000,0.004120,-0.017930,-0.009302,-0.123452,1.141500,-0.605845,1.439288,0.480735,-0.247384,0.595301,-0.349771,0.251971,-0.678076,0.000000,0.000000,0.463792
0.420000,0.010000,0.430000,0.009248,-0.016306,-0.008578,-0.123452,1.141500,-0.605845,1.439288,0.480735,-0.247384,0.595301,-0.349771,0.251971,-0.678076,0.000000,0.000000,0.463792
0.000000,0.000000,0.000000,0.011636,-0.016332,-0.004784,-0.123452,1.141500,-0.605845,1.439288,0.480735,-0.247384,0.595301,-0.349771,0.251971,-0.678076,0.000000,0.000000,0.463792
0.000000,0.000000,0.000000,0.011636,-0.016332,-0.004784,-0.009456,-0.007313,-0.998966,-0.001982,-0.000114,-0.000663,0.699329,-0.004841,-0.005090,-0.714765,0.000000,0.000000,0.154534
0.000000,0.000000,0.000000,0.011650,-0.016327,-0.004765,-0.009456,-0.007313,-0.998966,-0.001982,-0.000114,-0.000663,0.699329,-0.004841,-0.005090,-0.714765,0.000000,0.000000,0.154534
0.000000,0.000000,0.000000,0.011654,-0.016327,-0.004756,-0.009456,-0.007313,-0.998966,-0.001982,-0.000114,-0.000663,0.699329,-0.004841,-0.005090,-0.714765,0.000000,0.000000,0.154534
0.000000,0.000000,0.000000,0.011654,-0.016327,-0.004756,-0.011420,-0.005159,-0.987091,-0.003421,0.001945,-0.001289,0.699235,-0.004138,-0.005754,-0.714857,0.000000,0.000000,0.137924
0.000000,0.000000,0.000000,0.011654,-0.016327,-0.004756,-0.011420,-0.005159,-0.987091,-0.003421,0.001945,-0.001289,0.699235,-0.004138,-0.005754,-0.714857,0.000000,0.000000,0.137924
0.000000,0.000000,0.000000,0.011654,-0.016327,-0.004756,-0.011420,-0.005159,-0.987091,-0.003421,0.001945,-0.001289,0.699235,-0.004138,-0.005754,-0.714857,0.000000,0.000000,0.137924
0.000000,0.000000,0.000000,0.011654,-0.016327,-0.004756,-0.012781,-0.006783,-0.995170,-0.002788,0.005829,-0.000730,0.699093,-0.002626,-0.005219,-0.715007,0.000000,0.000000,0.024275
0.000000,0.000000,0.000000,0.011654,-0.016327,-0.004756,-0.013496,-0.006058,-0.996270,0.001623,0.001523,-0.001392,0.699228,-0.001646,-0.004612,-0.714882,0.000000,0.000000,0.005251
0.000000,0.000000,0.000000,0.011654,-0.016327,-0.004756,-0.010409,-0.006760,-0.997406,-0.002273,-0.000021,-0.001466,0.699350,-0.001410,-0.004661,-0.714763,0.000000,0.000000,-0.000746
0.000000,0.000000,0.000000,0.011654,-0.016327,-0.004756,-0.012384,-0.006563,-0.997985,-0.000314,-0.001723,-0.000056,0.699570,-0.001314,-0.004583,-0.714548,0.000000,0.000000,-0.003711
0.000000,0.000000,0.000000,0.011654,-0.016327,-0.004756,-0.012522,-0.007587,-0.995852,-0.000578,0.001101,-0.001310,0.699713,-0.001271,-0.004699,-0.714407,0.000000,0.000000,-0.006292
0.000000,0.000000,0.000000,0.011701,-0.016278,-0.004805,-0.012522,-0.007587,-0.995852,-0.000578,0.001101,-0.001310,0.699713,-0.001271,-0.004699,-0.714407,0.000000,0.000000,-0.006292
0.000000,0.000000,0.000000,0.011701,-0.016278,-0.004805,-0.013264,-0.007025,-1.001062,-0.001732,0.001362,0.000215,0.700119,-0.001214,-0.004820,-0.714009,0.000000,0.000000,-0.005350
0.000000,0.000000,0.000000,0.011701,-0.016278,-0.004805,-0.010023,-0.006373,-0.997393,-0.001241,0.001915,-0.003391,0.700235,-0.001257,-0.005012,-0.713893,0.000000,0.000000,0.007482
0.000000,0.000000,0.000000,0.011701,-0.016278,-0.004805,-0.010886,-0.006106,-0.996956,-0.001362,0.001727,-0.002114,0.700300,-0.001267,-0.005041,-0.713830,0.000000,0.000000,0.006750
0.000000,0.000000,0.000000,0.011701,-0.016278,-0.004805,-0.012835,-0.006645,-0.997894,-0.000005,-0.000255,-0.001745,0.700408,-0.001300,-0.005181,-0.713723,0.000000,0.000000,0.013604
0.000000,0.000000,0.000000,0.011727,-0.016266,-0.004784,-0.012835,-0.006645,-0.997894,-0.000005,-0.000255,-0.001745,0.700408,-0.001300,-0.005181,-0.713723,0.000000,0.000000,0.013604
0.000000,0.000000,0.000000,0.011727,-0.016266,-0.004784,-0.013152,-0.006334,-0.996502,-0.002148,0.000603,-0.001099,0.700592,-0.001371,-0.005275,-0.713542,0.000000,0.000000,-0.006384
0.000000,0.000000,0.000000,0.011727,-0.016266,-0.004784,-0.011524,-0.007592,-0.997837,-0.001924,-0.001644,-0.000390,0.700691,-0.001406,-0.005344,-0.713444,0.000000,0.000000,0.018252
0.000000,0.000000,0.000000,0.011738,-0.016260,-0.004780,-0.011524,-0.007592,-0.997837,-0.001924,-0.001644,-0.000390,0.700691,-0.001406,-0.005344,-0.713444,0.000000,0.000000,0.018252
0.000000,0.000000,0.000000,0.011738,-0.016260,-0.004780,-0.010945,-0.004891,-0.998924,-0.001488,-0.001261,0.001086,0.700744,-0.001407,-0.005355,-0.713392,0.000000,0.000000,0.026336
0.000000,0.000000,0.000000,0.011738,-0.016260,-0.004780,-0.011800,-0.007569,-0.996292,-0.001445,-0.000363,0.000034,0.700788,-0.001442,-0.005408,-0.713347,0.000000,0.000000,0.037560
0.000000,0.000000,0.000000,0.011742,-0.016258,-0.004777,-0.011800,-0.007569,-0.996292,-0.001445,-0.000363,0.000034,0.700788,-0.001442,-0.005408,-0.713347,0.000000,0.000000,0.037560
0.000000,0.000000,0.000000,0.011742,-0.016258,-0.004777,-0.010395,-0.007000,-0.999907,0.000032,0.000771,-0.000392,0.700854,-0.001490,-0.005430,-0.713283,0.000000,0.000000,0.041726
0.000000,0.000000,0.000000,0.011742,-0.016258,-0.004777,-0.011363,-0.006050,-0.997343,-0.003877,-0.000010,-0.001600,0.700910,-0.001512,-0.005450,-0.713227,0.000000,0.000000,0.044778
0.000000,0.000000,0.000000,0.011748,-0.016254,-0.004774,-0.011363,-0.006050,-0.997343,-0.003877,-0.000010,-0.001600,0.700910,-0.001512,-0.005450,-0.713227,0.000000,0.000000,0.044778
0.000000,0.000000,0.000000,0.011748,-0.016254,-0.004774,-0.012817,-0.006559,-0.998326,-0.002261,0.001160,0.000219,0.700990,-0.001524,-0.005456,-0.713149,0.000000,0.000000,0.019967
0.000000,0.000000,0.000000,0.011748,-0.016254,-0.004774,-0.012122,-0.006248,-0.996164,-0.002426,-0.002378,0.000929,0.701061,-0.001576,-0.005481,-0.713078,0.000000,0.000000,0.024160
0.000000,0.000000,0.000000,0.011754,-0.016250,-0.004773,-0.012122,-0.006248,-0.996164,-0.002426,-0.002378,0.000929,0.701061,-0.001576,-0.005481,-0.713078,0.000000,0.000000,0.024160
0.000000,0.000000,0.000000,0.011754,-0.016250,-0.004773,-0.012868,-0.006703,-0.997428,-0.001212,0.001085,-0.003593,0.701102,-0.001611,-0.005516,-0.713038,0.000000,0.000000,0.039717
0.000000,0.000000,0.000000,0.011754,-0.016250,-0.004773,-0.010774,-0.008349,-0.997992,-0.000989,-0.002864,-0.000512,0.701152,-0.001623,-0.005515,-0.712989,0.000000,0.000000,0.040038
0.000000,0.000000,0.000000,0.011758,-0.016248,-0.004771,-0.010774,-0.008349,-0.997992,-0.000989,-0.002864,-0.000512,0.701152,-0.001623,-0.005515,-0.712989,0.000000,0.000000,0.040038
0.000000,0.000000,0.000000,0.011758,-0.016248,-0.004771,-0.012189,-0.005544,-0.998217,-0.000399,-0.001199,-0.003128,0.701187,-0.001655,-0.005541,-0.712954,0.000000,0.000000,0.035978
0.000000,0.000000,0.000000,0.011758,-0.016248,-0.004771,-0.010690,-0.006476,-0.997338,-0.000193,-0.000260,-0.001036,0.701225,-0.001689,-0.005585,-0.712916,0.000000,0.000000,0.043320
0.000000,0.000000,0.000000,0.011762,-0.016246,-0.004769,-0.010690,-0.006476,-0.997338,-0.000193,-0.000260,-0.001036,0.701225,-0.001689,-0.005585,-0.712916,0.000000,0.000000,0.043320
0.000000,0.000000,0.000000,0.011762,-0.016246,-0.004769,-0.012566,-0.007462,-0.996924,0.000146,0.000932,0.000269,0.701284,-0.001722,-0.005570,-0.712858,0.000000,0.000000,0.032378
0.000000,0.000000,0.000000,0.011762,-0.016246,-0.004769,-0.011523,-0.005762,-0.998637,-0.001514,0.000352,-0.001248,0.701322,-0.001761,-0.005561,-0.712821,0.000000,0.000000,0.039091
0.000000,0.000000,0.000000,0.011765,-0.016244,-0.004768,-0.011523,-0.005762,-0.998637,-0.001514,0.000352,-0.001248,0.701322,-0.001761,-0.005561,-0.712821,0.000000,0.000000,0.039091
0.000000,0.000000,0.000000,0.011765,-0.016244,-0.004768,-0.011409,-0.005959,-0.995240,-0.001423,-0.000531,-0.001592,0.701350,-0.001766,-0.005620,-0.712793,0.000000,0.000000,0.009377
0.000000,0.000000,0.000000,0.011765,-0.016244,-0.004768,-0.011077,-0.008141,-0.994393,-0.001120,-0.002697,-0.001179,0.701377,-0.001805,-0.005674,-0.712766,0.000000,0.000000,0.011414
0.000000,0.000000,0.000000,0.011768,-0.016243,-0.004764,-0.011077,-0.008141,-0.994393,-0.001120,-0.002697,-0.001179,0.701377,-0.001805,-0.005674,-0.712766,0.000000,0.000000,0.011414
0.000000,0.000000,0.000000,0.011768,-0.016243,-0.004764,-0.011912,-0.006978,-0.998197,-0.002808,0.002484,-0.000970,0.701414,-0.001823,-0.005689,-0.712729,0.000000,0.000000,0.016314
0.000000,0.000000,0.000000,0.011768,-0.016243,-0.004764,-0.013367,-0.006966,-0.996108,-0.000034,0.001796,0.001090,0.701448,-0.001836,-0.005709,-0.712695,0.000000,0.000000,0.040317
0.000000,0.000000,0.000000,0.011772,-0.016240,-0.004762,-0.013367,-0.006966,-0.996108,-0.000034,0.001796,0.001090,0.701448,-0.001836,-0.005709,-0.712695,0.000000,0.000000,0.040317
0.000000,0.000000,0.000000,0.011772,-0.016240,-0.004762,-0.011616,-0.006170,-0.997797,-0.001110,0.000483,0.000940,0.701487,-0.001854,-0.005735,-0.712657,0.000000,0.000000,0.028390
0.000000,0.000000,0.000000,0.011772,-0.016240,-0.004762,-0.013928,-0.004986,-0.995341,-0.000132,0.001208,-0.001891,0.701515,-0.001884,-0.005745,-0.712629,0.000000,0.000000,0.010178
0.000000,0.000000,0.000000,0.011773,-0.016240,-0.004761,-0.013928,-0.004986,-0.995341,-0.000132,0.001208,-0.001891,0.701515,-0.001884,-0.005745,-0.712629,0.000000,0.000000,0.010178
0.000000,0.000000,0.000000,0.011773,-0.016240,-0.004761,-0.012400,-0.006328,-0.995678,-0.000499,-0.000918,-0.000225,0.701531,-0.001917,-0.005776,-0.712613,0.000000,0.000000,0.016968
0.000000,0.000000,0.000000,0.011773,-0.016240,-0.004761,-0.011303,-0.006214,-0.998431,-0.002151,-0.000515,-0.001116,0.701557,-0.001970,-0.005810,-0.712587,0.000000,0.000000,-0.001458
0.000000,0.000000,0.000000,0.011776,-0.016239,-0.004758,-0.011303,-0.006214,-0.998431,-0.002151,-0.000515,-0.001116,0.701557,-0.001970,-0.005810,-0.712587,0.000000,0.000000,-0.001458
0.000000,0.000000,0.000000,0.011776,-0.016239,-0.004758,-0.011705,-0.006399,-0.998117,-0.000487,-0.001593,-0.001498,0.701578,-0.001980,-0.005834,-0.712566,0.000000,0.000000,-0.010187
0.000000,0.000000,0.000000,0.011776,-0.016239,-0.004758,-0.011705,-0.006399,-0.998117,-0.000487,-0.001593,-0.001498,0.701578,-0.001980,-0.005834,-0.712566,0.000000,0.000000,-0.010187
0.000000,0.000000,0.000000,0.011776,-0.016239,-0.004758,-0.011489,-0.006945,-0.996373,0.000544,-0.001110,-0.000598,0.701605,-0.001986,-0.005858,-0.712540,0.000000,0.000000,-0.013864
0.000000,0.000000,0.000000,0.011778,-0.016238,-0.004755,-0.011489,-0.006945,-0.996373,0.000544,-0.001110,-0.000598,0.701605,-0.001986,-0.005858,-0.712540,0.000000,0.000000,-0.013864
0.000000,0.000000,0.000000,0.011778,-0.016238,-0.004755,-0.011907,-0.006055,-0.995767,-0.001885,0.000472,-0.001197,0.701618,-0.001986,-0.005894,-0.712527,0.000000,0.000000,-0.017078
0.000000,0.000000,0.000000,0.011778,-0.016238,-0.004755,-0.011267,-0.005403,-0.997333,-0.002466,0.001986,-0.000612,0.701641,-0.002038,-0.005871,-0.712504,0.000000,0.000000,-0.031824
0.000000,0.000000,0.000000,0.011779,-0.016237,-0.004755,-0.011267,-0.005403,-0.997333,-0.002466,0.001986,-0.000612,0.701641,-0.002038,-0.005871,-0.712504,0.000000,0.000000,-0.031824
0.000000,0.000000,0.000000,0.011779,-0.016237,-0.004755,-0.012345,-0.006144,-0.997570,-0.003632,-0.000230,-0.000097,0.701672,-0.002031,-0.005881,-0.712473,0.000000,0.000000,-0.025926
0.000000,0.000000,0.000000,0.011779,-0.016237,-0.004755,-0.011745,-0.007427,-0.998708,-0.001197,-0.001801,0.000025,0.701697,-0.002038,-0.005873,-0.712448,0.000000,0.000000,-0.024450
0.000000,0.000000,0.000000,0.011782,-0.016235,-0.004754,-0.011745,-0.007427,-0.998708,-0.001197,-0.001801,0.000025,0.701697,-0.002038,-0.005873,-0.712448,0.000000,0.000000,-0.024450
0.000000,0.000000,0.000000,0.011782,-0.016235,-0.004754,-0.012161,-0.006517,-0.996979,-0.000596,-0.000369,-0.002338,0.701706,-0.002044,-0.005891,-0.712439,0.000000,0.000000,-0.010880
0.000000,0.000000,0.000000,0.011782,-0.016235,-0.004754,-0.012243,-0.007328,-0.996295,-0.002421,-0.000598,-0.000385,0.701741,-0.002067,-0.005915,-0.712405,0.000000,0.000000,-0.016333
0.000000,0.000000,0.000000,0.011784,-0.016234,-0.004754,-0.012243,-0.007328,-0.996295,-0.002421,-0.000598,-0.000385,0.701741,-0.002067,-0.005915,-0.712405,0.000000,0.000000,-0.016333
0.000000,0.000000,0.000000,0.011784,-0.016234,-0.004754,-0.012635,-0.005620,-0.996108,-0.003860,-0.001403,-0.000065,0.701786,-0.002100,-0.005909,-0.712360,0.000000,0.000000,-0.009480
0.000000,0.000000,0.000000,0.011784,-0.016234,-0.004754,-0.013744,-0.006640,-0.998551,-0.003116,-0.000612,-0.002104,0.701802,-0.002122,-0.005932,-0.712344,0.000000,0.000000,-0.010205
0.000000,0.000000,0.000000,0.011787,-0.016233,-0.004751,-0.013744,-0.006640,-0.998551,-0.003116,-0.000612,-0.002104,0.701802,-0.002122,-0.005932,-0.712344,0.000000,0.000000,-0.010205
0.000000,0.000000,0.000000,0.011787,-0.016233,-0.004751,-0.013212,-0.006796,-0.997195,-0.001138,0.002675,-0.000626,0.701839,-0.002167,-0.005965,-0.712308,0.000000,0.000000,-0.018649
0.000000,0.000000,0.000000,0.011787,-0.016233,-0.004751,-0.011292,-0.006706,-0.998125,-0.002268,0.000265,-0.002773,0.701849,-0.002171,-0.005988,-0.712297,0.000000,0.000000,0.009608
0.000000,0.000000,0.000000,0.011789,-0.016231,-0.004749,-0.011292,-0.006706,-0.998125,-0.002268,0.000265,-0.002773,0.701849,-0.002171,-0.005988,-0.712297,0.000000,0.000000,0.009608
0.000000,0.000000,0.000000,0.011789,-0.016231,-0.004749,-0.013569,-0.005333,-0.996203,-0.001936,0.001758,-0.002015,0.701871,-0.002167,-0.005995,-0.712276,0.000000,0.000000,0.019370
0.000000,0.000000,0.000000,0.011789,-0.016231,-0.004749,-0.011323,-0.006815,-0.996641,-0.002478,-0.000393,-0.003604,0.701879,-0.002189,-0.006022,-0.712267,0.000000,0.000000,0.024050
0.000000,0.000000,0.000000,0.011790,-0.016231,-0.004748,-0.011323,-0.006815,-0.996641,-0.002478,-0.000393,-0.003604,0.701879,-0.002189,-0.006022,-0.712267,0.000000,0.000000,0.024050
0.000000,0.000000,0.000000,0.011790,-0.016231,-0.004748,-0.013726,-0.006537,-0.996842,-0.004706,0.000433,-0.003622,0.701900,-0.002223,-0.006041,-0.712247,0.000000,0.000000,0.002684
0.000000,0.000000,0.000000,0.011790,-0.016231,-0.004748,-0.011262,-0.006436,-0.995387,-0.002637,0.000133,-0.003495,0.701908,-0.002277,-0.006034,-0.712238,0.000000,0.000000,-0.009747
0.000000,0.000000,0.000000,0.011791,-0.016231,-0.004747,-0.011262,-0.006436,-0.995387,-0.002637,0.000133,-0.003495,0.701908,-0.002277,-0.006034,-0.712238,0.000000,0.000000,-0.009747
0.000000,0.000000,0.000000,0.011791,-0.016231,-0.004747,-0.012988,-0.007502,-0.999064,-0.003075,0.000910,-0.000725,0.701939,-0.002308,-0.006050,-0.712208,0.000000,0.000000,-0.004094
0.000000,0.000000,0.000000,0.011791,-0.016231,-0.004747,-0.011247,-0.006254,-0.997309,-0.003044,-0.000569,-0.001304,0.701959,-0.002355,-0.006043,-0.712188,0.000000,0.000000,0.002311
0.000000,0.000000,0.000000,0.011793,-0.016230,-0.004746,-0.011247,-0.006254,-0.997309,-0.003044,-0.000569,-0.001304,0.701959,-0.002355,-0.006043,-0.712188,0.000000,0.000000,0.002311
0.000000,0.000000,0.000000,0.011793,-0.016230,-0.004746,-0.012673,-0.005374,-0.993808,0.001220,-0.003183,0.000026,0.701983,-0.002367,-0.006089,-0.712163,0.000000,0.000000,0.011951
0.000000,0.000000,0.000000,0.011793,-0.016230,-0.004746,-0.011889,-0.006211,-0.997058,-0.000990,0.000043,-0.000067,0.702004,-0.002387,-0.006127,-0.712142,0.000000,0.000000,0.012429
0.000000,0.000000,0.000000,0.011795,-0.016229,-0.004743,-0.011889,-0.006211,-0.997058,-0.000990,0.000043,-0.000067,0.702004,-0.002387,-0.006127,-0.712142,0.000000,0.000000,0.012429
0.000000,0.000000,0.000000,0.011795,-0.016229,-0.004743,-0.010165,-0.006588,-0.995348,-0.000260,-0.001704,-0.000929,0.702025,-0.002380,-0.006146,-0.712122,0.000000,0.000000,0.021839
0.000000,0.000000,0.000000,0.011795,-0.016229,-0.004743,-0.011927,-0.006691,-0.995051,-0.003265,0.000341,-0.002578,0.702036,-0.002396,-0.006148,-0.712111,0.000000,0.000000,0.006374
0.000000,0.000000,0.000000,0.011797,-0.016228,-0.004742,-0.011927,-0.006691,-0.995051,-0.003265,0.000341,-0.002578,0.702036,-0.002396,-0.006148,-0.712111,0.000000,0.000000,0.006374
0.000000,0.000000,0.000000,0.011797,-0.016228,-0.004742,-0.011146,-0.007098,-0.996334,-0.002629,-0.000665,-0.001250,0.702053,-0.002426,-0.006165,-0.712094,0.000000,0.000000,0.007390
0.000000,0.000000,0.000000,0.011797,-0.016228,-0.004742,-0.010254,-0.006070,-0.996340,-0.002132,-0.001997,-0.004052,0.702044,-0.002441,-0.006209,-0.712103,0.000000,0.000000,0.040030
0.000000,0.000000,0.000000,0.011798,-0.016228,-0.004739,-0.010254,-0.006070,-0.996340,-0.002132,-0.001997,-0.004052,0.702044,-0.002441,-0.006209,-0.712103,0.000000,0.000000,0.040030
0.000000,0.000000,0.000000,0.011798,-0.016228,-0.004739,-0.010214,-0.006965,-0.996680,-0.001537,-0.000853,-0.000846,0.702060,-0.002433,-0.006228,-0.712087,0.000000,0.000000,0.058643
0.000000,0.000000,0.000000,0.011798,-0.016228,-0.004739,-0.010822,-0.007214,-0.991995,-0.002413,0.001045,0.001782,0.702091,-0.002462,-0.006231,-0.712056,0.000000,0.000000,0.043427
0.000000,0.000000,0.000000,0.011800,-0.016227,-0.004738,-0.010822,-0.007214,-0.991995,-0.002413,0.001045,0.001782,0.702091,-0.002462,-0.006231,-0.712056,0.000000,0.000000,0.043427
0.000000,0.000000,0.000000,0.011800,-0.016227,-0.004738,-0.011884,-0.006023,-0.998541,-0.001764,0.000630,-0.002586,0.702105,-0.002478,-0.006222,-0.712042,0.000000,0.000000,0.034446
0.000000,0.000000,0.000000,0.011800,-0.016227,-0.004738,-0.011343,-0.007128,-0.996980,-0.002548,-0.001050,-0.000178,0.702123,-0.002497,-0.006223,-0.712024,0.000000,0.000000,0.023816
0.000000,0.000000,0.000000,0.011800,-0.016227,-0.004739,-0.011343,-0.007128,-0.996980,-0.002548,-0.001050,-0.000178,0.702123,-0.002497,-0.006223,-0.712024,0.000000,0.000000,0.023816
0.000000,0.000000,0.000000,0.011800,-0.016227,-0.004739,-0.012150,-0.007263,-1.000712,-0.001635,-0.000279,-0.000987,0.702106,-0.002511,-0.006233,-0.712040,0.000000,0.000000,0.015411
0.000000,0.000000,0.000000,0.011800,-0.016227,-0.004739,-0.011786,-0.005636,-0.997415,-0.001109,0.000659,-0.002861,0.702123,-0.002518,-0.006221,-0.712024,0.000000,0.000000,0.025710
0.000000,0.000000,0.000000,0.011800,-0.016227,-0.004738,-0.011786,-0.005636,-0.997415,-0.001109,0.000659,-0.002861,0.702123,-0.002518,-0.006221,-0.712024,0.000000,0.000000,0.025710
0.000000,0.000000,0.000000,0.011800,-0.016227,-0.004738,-0.011885,-0.007003,-0.995297,-0.002780,-0.001191,-0.000080,0.702129,-0.002547,-0.006240,-0.712018,0.000000,0.000000,0.019053
0.000000,0.000000,0.000000,0.011800,-0.016227,-0.004738,-0.012648,-0.007088,-0.996183,-0.003015,-0.000276,-0.000300,0.702123,-0.002588,-0.006219,-0.712024,0.000000,0.000000,0.011794
0.000000,0.000000,0.000000,0.011799,-0.016227,-0.004738,-0.012648,-0.007088,-0.996183,-0.003015,-0.000276,-0.000300,0.702123,-0.002588,-0.006219,-0.712024,0.000000,0.000000,0.011794
0.000000,0.000000,0.000000,0.011799,-0.016227,-0.004738,-0.011502,-0.006189,-0.995356,-0.003316,0.000292,-0.001538,0.702120,-0.002631,-0.006211,-0.712027,0.000000,0.000000,0.001168
0.000000,0.000000,0.000000,0.011799,-0.016227,-0.004738,-0.012347,-0.007343,-0.995933,-0.000739,0.001092,-0.001294,0.702128,-0.002645,-0.006213,-0.712019,0.000000,0.000000,0.004942
0.000000,0.000000,0.000000,0.011799,-0.016228,-0.004738,-0.012347,-0.007343,-0.995933,-0.000739,0.001092,-0.001294,0.702128,-0.002645,-0.006213,-0.712019,0.000000,0.000000,0.004942
0.000000,0.000000,0.000000,0.011799,-0.016228,-0.004738,-0.010581,-0.006067,-0.995992,0.000940,-0.001090,-0.000216,0.702121,-0.002658,-0.006240,-0.712025,0.000000,0.000000,0.007916
0.000000,0.000000,0.000000,0.011799,-0.016228,-0.004738,-0.011748,-0.007294,-0.997449,-0.001125,-0.000078,0.000887,0.702139,-0.002664,-0.006243,-0.712007,0.000000,0.000000,-0.016608
0.000000,0.000000,0.000000,0.011800,-0.016227,-0.004737,-0.011748,-0.007294,-0.997449,-0.001125,-0.000078,0.000887,0.702139,-0.002664,-0.006243,-0.712007,0.000000,0.000000,-0.016608
0.000000,0.000000,0.000000,0.011800,-0.016227,-0.004737,-0.012484,-0.007348,-0.995876,-0.003792,-0.002375,-0.001395,0.702130,-0.002676,-0.006243,-0.712016,0.000000,0.000000,-0.024238
0.000000,0.000000,0.000000,0.011800,-0.016227,-0.004737,-0.012772,-0.004462,-0.996719,-0.000111,-0.002133,-0.001190,0.702116,-0.002690,-0.006253,-0.712030,0.000000,0.000000,-0.030063
0.000000,0.000000,0.000000,0.011799,-0.016228,-0.004736,-0.012772,-0.004462,-0.996719,-0.000111,-0.002133,-0.001190,0.702116,-0.002690,-0.006253,-0.712030,0.000000,0.000000,-0.030063
0.000000,0.000000,0.000000,0.011799,-0.016228,-0.004736,-0.010729,-0.007730,-0.993697,-0.003033,0.000519,-0.002631,0.702116,-0.002701,-0.006253,-0.712030,0.000000,0.000000,-0.017649
0.000000,0.000000,0.000000,0.011799,-0.016228,-0.004736,-0.010729,-0.007730,-0.993697,-0.003033,0.000519,-0.002631,0.702116,-0.002701,-0.006253,-0.712030,0.000000,0.000000,-0.017649
0.000000,0.000000,0.000000,0.011799,-0.016228,-0.004736,-0.012384,-0.007564,-0.996838,0.000173,-0.000413,-0.000418,0.702116,-0.002720,-0.006242,-0.712030,0.000000,0.000000,-0.002967
0.000000,0.000000,0.000000,0.011798,-0.016229,-0.004736,-0.012384,-0.007564,-0.996838,0.000173,-0.000413,-0.000418,0.702116,-0.002720,-0.006242,-0.712030,0.000000,0.000000,-0.002967
0.000000,0.000000,0.000000,0.011798,-0.016229,-0.004736,-0.010586,-0.005793,-0.993405,-0.001247,-0.001510,-0.001934,0.702106,-0.002737,-0.006265,-0.712039,0.000000,0.000000,0.007391
0.000000,0.000000,0.000000,0.011798,-0.016229,-0.004736,-0.010586,-0.005793,-0.993405,-0.001247,-0.001510,-0.001934,0.702106,-0.002737,-0.006265,-0.712039,0.000000,0.000000,0.007391
0.000000,0.000000,0.000000,0.011798,-0.016229,-0.004736,-0.012139,-0.006940,-0.993374,0.000564,-0.001705,-0.001657,0.702105,-0.002803,-0.006257,-0.712041,0.000000,0.000000,0.008460
0.000000,0.000000,0.000000,0.011798,-0.016229,-0.004736,-0.012139,-0.006940,-0.993374,0.000564,-0.001705,-0.001657,0.702105,-0.002803,-0.006257,-0.712041,0.000000,0.000000,0.008460
0.000000,0.000000,0.000000,0.011798,-0.016229,-0.004736,-0.011114,-0.006030,-0.995440,-0.003861,0.000313,-0.000407,0.702107,-0.002925,-0.006220,-0.712038,0.000000,0.000000,0.011243
0.000000,0.000000,0.000000,0.011798,-0.016229,-0.004736,-0.011114,-0.006030,-0.995440,-0.003861,0.000313,-0.000407,0.702107,-0.002925,-0.006220,-0.712038,0.000000,0.000000,0.011243
0.000000,0.000000,0.000000,0.011797,-0.016230,-0.004736,-0.011114,-0.006030,-0.995440,-0.003861,0.000313,-0.000407,0.702107,-0.002925,-0.006220,-0.712038,0.000000,0.000000,0.011243
0.000000,0.000000,0.000000,0.011797,-0.016230,-0.004736,-0.013488,-0.007025,-0.995104,0.004522,0.001945,-0.012694,0.702086,-0.003021,-0.006242,-0.712059,0.000000,0.000000,0.015992
0.000000,0.000000,0.000000,0.011797,-0.016230,-0.004736,-0.013488,-0.007025,-0.995104,0.004522,0.001945,-0.012694,0.702086,-0.003021,-0.006242,-0.712059,0.000000,0.000000,0.015992
0.000000,0.000000,0.000000,0.011797,-0.016230,-0.004736,-0.012838,-0.005825,-0.992728,-0.005998,-0.002036,0.001802,0.702098,-0.003103,-0.006244,-0.712047,0.000000,0.000000,0.016849
0.000000,0.000000,0.000000,0.011795,-0.016232,-0.004734,-0.012838,-0.005825,-0.992728,-0.005998,-0.002036,0.001802,0.702098,-0.003103,-0.006244,-0.712047,0.000000,0.000000,0.016849
0.000000,0.000000,0.000000,0.011795,-0.016232,-0.004734,-0.011059,-0.009103,-0.993766,-0.001991,0.002485,0.004405,0.702111,-0.003115,-0.006251,-0.712034,0.000000,0.000000,0.018630
0.000000,0.000000,0.000000,0.011795,-0.016232,-0.004734,-0.011059,-0.009103,-0.993766,-0.001991,0.002485,0.004405,0.702111,-0.003115,-0.006251,-0.712034,0.000000,0.000000,0.018630
0.000000,0.000000,0.000000,0.011795,-0.016232,-0.004734,-0.011059,-0.009103,-0.993766,-0.001991,0.002485,0.004405,0.702111,-0.003115,-0.006251,-0.712034,0.000000,0.000000,0.018630
0.000000,0.000000,0.000000,0.011795,-0.016232,-0.004734,-0.010938,-0.007488,-0.995845,-0.006864,0.000345,-0.003773,0.702046,-0.003328,-0.006348,-0.712095,0.000000,0.000000,0.023177
0.000000,0.000000,0.000000,0.011795,-0.016232,-0.004734,-0.010938,-0.007488,-0.995845,-0.006864,0.000345,-0.003773,0.702046,-0.003328,-0.006348,-0.712095,0.000000,0.000000,0.023177
0.000000,0.000000,0.000000,0.011795,-0.016232,-0.004734,-0.013479,-0.007943,-0.989949,-0.005307,0.000508,0.014055,0.702048,-0.003360,-0.006347,-0.712094,0.000000,0.000000,0.026866
0.000000,0.000000,0.000000,0.011790,-0.016237,-0.004727,-0.013479,-0.007943,-0.989949,-0.005307,0.000508,0.014055,0.702048,-0.003360,-0.006347,-0.712094,0.000000,0.000000,0.026866
0.000000,0.000000,0.000000,0.011790,-0.016237,-0.004727,-0.021878,0.003998,-1.000864,0.005690,-0.007888,0.058471,0.702325,-0.003423,-0.006431,-0.711819,0.000000,0.000000,0.027676
0.000000,0.000000,0.000000,0.011790,-0.016237,-0.004727,-0.021878,0.003998,-1.000864,0.005690,-0.007888,0.058471,0.702325,-0.003423,-0.006431,-0.711819,0.000000,0.000000,0.027676
0.000000,0.000000,0.000000,0.011790,-0.016237,-0.004727,-0.001705,-0.011172,-1.323054,0.162094,0.127508,0.039286,0.708204,-0.000047,0.000595,-0.706008,0.000000,0.000000,-0.588962
0.000000,0.000000,0.000000,0.011790,-0.016237,-0.004727,-0.001705,-0.011172,-1.323054,0.162094,0.127508,0.039286,0.708204,-0.000047,0.000595,-0.706008,0.000000,0.000000,-0.588962
0.000000,0.000000,0.000000,0.011790,-0.016237,-0.004727,-0.010890,-0.001700,-1.043166,-0.001391,-0.035051,-0.014970,0.708110,-0.000417,-0.000736,-0.706102,0.000000,0.000000,-0.832793
0.000000,0.000000,0.000000,0.011790,-0.016237,-0.004727,-0.010890,-0.001700,-1.043166,-0.001391,-0.035051,-0.014970,0.708110,-0.000417,-0.000736,-0.706102,0.000000,0.000000,-0.832793
0.000000,0.000000,0.000000,0.011790,-0.016237,-0.004727,-0.003053,0.001667,-0.949912,-0.009446,0.024629,0.005734,0.707987,-0.000073,-0.000122,-0.706226,0.000000,0.000000,-0.758925
0.480000,0.040000,-7.170000,-1.761446,0.908119,5.263829,-0.003053,0.001667,-0.949912,-0.009446,0.024629,0.005734,0.707987,-0.000073,-0.000122,-0.706226,0.000000,0.000000,-0.758925
0.480000,0.040000,-7.170000,-1.761446,0.908119,5.263829,0.016520,0.002126,-0.959673,0.019533,-0.001371,-0.001038,0.708172,0.000261,0.000167,-0.706040,0.000000,0.000000,-0.643155
0.480000,0.040000,-7.170000,-1.761446,0.908119,5.263829,0.016520,0.002126,-0.959673,0.019533,-0.001371,-0.001038,0.708172,0.000261,0.000167,-0.706040,0.000000,0.000000,-0.643155
0.480000,0.040000,-7.170000,-1.761446,0.908119,5.263829,0.004341,-0.013006,-0.971589,-0.031699,-0.013396,-0.015646,0.707797,0.000072,0.000198,-0.706416,0.005528,-0.012924,-0.551023
0.480000,0.040000,-7.170000,-1.761446,0.908119,5.263829,0.004341,-0.013006,-0.971589,-0.031699,-0.013396,-0.015646,0.707797,0.000072,0.000198,-0.706416,0.005528,-0.012924,-0.551023
0.480000,0.040000,-7.170000,-1.761446,0.908119,5.263829,0.004341,-0.013006,-0.971589,-0.031699,-0.013396,-0.015646,0.707797,0.000072,0.000198,-0.706416,0.005528,-0.012924,-0.551023
0.480000,0.040000,-7.170000,-1.761446,0.908119,5.263829,-0.004694,0.008422,-0.881892,-0.041985,-0.031817,-0.000310,0.707996,0.001460,0.001110,-0.706214,0.013005,-0.006967,-0.283510
0.480000,0.040000,-7.170000,-1.761446,0.908119,5.263829,-0.004694,0.008422,-0.881892,-0.041985,-0.031817,-0.000310,0.707996,0.001460,0.001110,-0.706214,0.013005,-0.006967,-0.283510
0.480000,0.040000,-7.170000,-1.761446,0.908119,5.263829,-0.004647,0.003222,-0.934265,-0.040405,-0.032708,-0.010614,0.708264,-0.000836,0.001648,-0.705945,0.018334,0.006684,-0.119635
0.480000,0.040000,-7.170000,-1.761446,0.908119,5.263829,0.004713,-0.010688,-0.954954,0.001454,0.003238,-0.007731,0.708037,-0.004907,-0.000056,-0.706158,0.002060,0.010448,-0.029112
0.480000,0.040000,-7.170000,-1.761446,0.908119,5.263829,0.004713,-0.010688,-0.954954,0.001454,0.003238,-0.007731,0.708037,-0.004907,-0.000056,-0.706158,0.002060,0.010448,-0.029112
0.480000,0.040000,-7.170000,-1.761446,0.908119,5.263829,0.004713,-0.010688,-0.954954,0.001454,0.003238,-0.007731,0.708037,-0.004907,-0.000056,-0.706158,0.002060,0.010448,-0.029112
0.480000,0.040000,-7.170000,-1.761446,0.908119,5.263829,0.001845,0.006081,-0.986583,-0.008420,0.002340,0.002806,0.707906,-0.002551,-0.000011,-0.706302,-0.009654,-0.001288,-0.013963
0.480000,0.040000,-7.170000,-1.761446,0.908119,5.263829,0.001845,0.006081,-0.986583,-0.008420,0.002340,0.002806,0.707906,-0.002551,-0.000011,-0.706302,-0.009654,-0.001288,-0.013963
-0.020000,-0.030000,-0.370000,-1.718268,0.911410,4.797834,0.001845,0.006081,-0.986583,-0.008420,0.002340,0.002806,0.707906,-0.002551,-0.000011,-0.706302,-0.009654,-0.001288,-0.013963
-0.020000,-0.030000,-0.370000,-1.718268,0.911410,4.797834,0.001390,-0.002771,-0.975845,0.032950,0.029593,0.002414,0.708118,-0.001693,-0.000555,-0.706092,-0.014105,-0.007514,-0.011091
-0.020000,-0.030000,-0.370000,-1.718268,0.911410,4.797834,0.001390,-0.002771,-0.975845,0.032950,0.029593,0.002414,0.708118,-0.001693,-0.000555,-0.706092,-0.014105,-0.007514,-0.011091
-0.020000,-0.030000,-0.370000,-1.718268,0.911410,4.797834,0.008536,-0.005917,-0.988953,0.010766,0.009488,-0.001019,0.708122,-0.000161,0.000139,-0.706090,-0.013558,-0.010311,-0.012255
-0.020000,-0.030000,-0.370000,-1.718268,0.911410,4.797834,0.008536,-0.005917,-0.988953,0.010766,0.009488,-0.001019,0.708122,-0.000161,0.000139,-0.706090,-0.013558,-0.010311,-0.012255
0.000000,0.000000,-0.320000,-1.715926,0.912482,4.787888,0.008536,-0.005917,-0.988953,0.010766,0.009488,-0.001019,0.708122,-0.000161,0.000139,-0.706090,-0.013558,-0.010311,-0.012255
0.000000,0.000000,-0.320000,-1.715926,0.912482,4.787888,0.016879,-0.003113,-0.982615,-0.003014,0.011198,0.010930,0.708180,-0.000178,0.000378,-0.706032,-0.014593,-0.008367,-0.010475
0.000000,0.000000,-0.320000,-1.715926,0.912482,4.787888,0.016879,-0.003113,-0.982615,-0.003014,0.011198,0.010930,0.708180,-0.000178,0.000378,-0.706032,-0.014593,-0.008367,-0.010475
0.000000,0.000000,-0.320000,-1.715926,0.912482,4.787888,-0.004486,0.018911,-0.998025,0.002046,0.032752,-0.010130,0.708320,0.000273,0.000272,-0.705891,-0.008515,-0.010463,-0.000074
0.000000,0.000000,-0.320000,-1.715926,0.912482,4.787888,-0.004486,0.018911,-0.998025,0.002046,0.032752,-0.010130,0.708320,0.000273,0.000272,-0.705891,-0.008515,-0.010463,-0.000074
0.010000,0.020000,-0.150000,-1.713567,0.915220,4.780599,-0.004486,0.018911,-0.998025,0.002046,0.032752,-0.010130,0.708320,0.000273,0.000272,-0.705891,-0.008515,-0.010463,-0.000074
0.010000,0.020000,-0.150000,-1.713567,0.915220,4.780599,-0.012527,0.015959,-1.000826,-0.038415,-0.032152,0.000209,0.708298,-0.000043,0.001355,-0.705913,-0.003288,-0.005297,0.001632
0.010000,0.020000,-0.150000,-1.713567,0.915220,4.780599,-0.012527,0.015959,-1.000826,-0.038415,-0.032152,0.000209,0.708298,-0.000043,0.001355,-0.705913,-0.003288,-0.005297,0.001632
0.010000,0.020000,-0.150000,-1.713567,0.915220,4.780599,0.003256,0.009881,-0.992550,-0.018660,-0.046706,-0.006511,0.708313,-0.002339,0.001419,-0.705893,-0.004163,0.000657,-0.001685
0.010000,0.020000,-0.150000,-1.713567,0.915220,4.780599,0.003256,0.009881,-0.992550,-0.018660,-0.046706,-0.006511,0.708313,-0.002339,0.001419,-0.705893,-0.004163,0.000657,-0.001685
0.080000,0.120000,-0.150000,-1.709044,0.919328,4.775036,0.003256,0.009881,-0.992550,-0.018660,-0.046706,-0.006511,0.708313,-0.002339,0.001419,-0.705893,-0.004163,0.000657,-0.001685
0.080000,0.120000,-0.150000,-1.709044,0.919328,4.775036,-0.007190,0.009394,-0.988881,-0.000954,-0.002733,0.008337,0.708484,-0.003051,0.000879,-0.705720,-0.010645,-0.002295,0.005142
0.080000,0.120000,-0.150000,-1.709044,0.919328,4.775036,-0.007190,0.009394,-0.988881,-0.000954,-0.002733,0.008337,0.708484,-0.003051,0.000879,-0.705720,-0.010645,-0.002295,0.005142
0.080000,0.120000,-0.150000,-1.709044,0.919328,4.775036,-0.007912,0.007371,-0.991274,-0.006368,-0.035340,-0.000670,0.708482,-0.002669,0.000535,-0.705724,-0.005563,0.007927,0.005791
0.080000,0.120000,-0.150000,-1.709044,0.919328,4.775036,-0.007912,0.007371,-0.991274,-0.006368,-0.035340,-0.000670,0.708482,-0.002669,0.000535,-0.705724,-0.005563,0.007927,0.005791
0.070000,0.170000,0.100000,-1.704289,0.923638,4.776857,-0.007912,0.007371,-0.991274,-0.006368,-0.035340,-0.000670,0.708482,-0.002669,0.000535,-0.705724,-0.005563,0.007927,0.005791
0.070000,0.170000,0.100000,-1.704289,0.923638,4.776857,0.019470,-0.017770,-0.976989,-0.009161,-0.051567,0.261805,0.714080,-0.005140,-0.000626,-0.700045,-0.009623,0.006893,0.013838
0.070000,0.170000,0.100000,-1.704289,0.923638,4.776857,0.019470,-0.017770,-0.976989,-0.009161,-0.051567,0.261805,0.714080,-0.005140,-0.000626,-0.700045,-0.009623,0.006893,0.013838
0.070000,0.170000,0.100000,-1.704289,0.923638,4.776857,-0.013859,0.019283,-1.015315,0.025519,0.032006,0.297683,0.723755,-0.004017,-0.001212,-0.690044,-0.015874,-0.002262,0.020371
0.070000,0.170000,0.100000,-1.704289,0.923638,4.776857,-0.013859,0.019283,-1.015315,0.025519,0.032006,0.297683,0.723755,-0.004017,-0.001212,-0.690044,-0.015874,-0.002262,0.020371
-0.010000,0.150000,0.290000,-1.701047,0.930280,4.783810,-0.013859,0.019283,-1.015315,0.025519,0.032006,0.297683,0.723755,-0.004017,-0.001212,-0.690044,-0.015874,-0.002262,0.020371
-0.010000,0.150000,0.290000,-1.701047,0.930280,4.783810,0.001645,-0.010531,-0.982468,-0.013307,-0.026996,0.301916,0.734103,-0.003622,-0.000636,-0.679028,-0.014677,-0.000453,0.028756
-0.010000,0.150000,0.290000,-1.701047,0.930280,4.783810,0.001645,-0.010531,-0.982468,-0.013307,-0.026996,0.301916,0.734103,-0.003622,-0.000636,-0.679028,-0.014677,-0.000453,0.028756
-0.010000,0.150000,0.290000,-1.701047,0.930280,4.783810,0.002672,-0.001772,-1.001560,-0.007675,0.038233,0.310350,0.744330,-0.003311,-0.000119,-0.667804,-0.015112,-0.010714,0.027653
-0.010000,0.150000,0.290000,-1.701047,0.930280,4.783810,0.002672,-0.001772,-1.001560,-0.007675,0.038233,0.310350,0.744330,-0.003311,-0.000119,-0.667804,-0.015112,-0.010714,0.027653
0.000000,0.100000,0.290000,-1.696947,0.936983,4.790397,0.002672,-0.001772,-1.001560,-0.007675,0.038233,0.310350,0.744330,-0.003311,-0.000119,-0.667804,-0.015112,-0.010714,0.027653
0.000000,0.100000,0.290000,-1.696947,0.936983,4.790397,0.001809,-0.012445,-0.986443,-0.006967,0.011661,0.292275,0.754189,-0.002598,0.000988,-0.656651,-0.018766,-0.008416,0.024592
0.000000,0.100000,0.290000,-1.696947,0.936983,4.790397,0.001809,-0.012445,-0.986443,-0.006967,0.011661,0.292275,0.754189,-0.002598,0.000988,-0.656651,-0.018766,-0.008416,0.024592
0.000000,0.100000,0.290000,-1.696947,0.936983,4.790397,0.002969,-0.006950,-0.985547,0.001587,-0.001016,0.303513,0.764041,-0.002602,-0.000013,-0.645163,-0.015785,-0.003162,0.025835
0.000000,0.100000,0.290000,-1.696947,0.936983,4.790397,0.002969,-0.006950,-0.985547,0.001587,-0.001016,0.303513,0.764041,-0.002602,-0.000013,-0.645163,-0.015785,-0.003162,0.025835
0.000000,0.080000,0.310000,-1.693589,0.940438,4.797022,0.002969,-0.006950,-0.985547,0.001587,-0.001016,0.303513,0.764041,-0.002602,-0.000013,-0.645163,-0.015785,-0.003162,0.025835
0.000000,0.080000,0.310000,-1.693589,0.940438,4.797022,-0.002702,-0.004724,-0.987712,-0.028011,-0.039752,0.300866,0.773517,-0.004446,-0.000328,-0.633759,-0.015212,-0.000246,0.023948
0.000000,0.080000,0.310000,-1.693589,0.940438,4.797022,-0.002702,-0.004724,-0.987712,-0.028011,-0.039752,0.300866,0.773517,-0.004446,-0.000328,-0.633759,-0.015212,-0.000246,0.023948
0.000000,0.080000,0.310000,-1.693589,0.940438,4.797022,-0.002797,-0.008214,-0.994467,-0.017344,-0.010888,0.298871,0.782872,-0.006045,-0.000805,-0.622152,-0.014056,-0.002682,0.020007
0.000000,0.080000,0.310000,-1.693589,0.940438,4.797022,-0.002797,-0.008214,-0.994467,-0.017344,-0.010888,0.298871,0.782872,-0.006045,-0.000805,-0.622152,-0.014056,-0.002682,0.020007
0.010000,0.010000,0.260000,-1.689858,0.944058,4.802894,-0.002797,-0.008214,-0.994467,-0.017344,-0.010888,0.298871,0.782872,-0.006045,-0.000805,-0.622152,-0.014056,-0.002682,0.020007
0.010000,0.010000,0.260000,-1.689858,0.944058,4.802894,0.002087,0.004779,-0.985599,0.005059,0.029790,0.304403,0.801042,-0.005693,0.000860,-0.598580,-0.015754,-0.019462,0.028598
0.010000,0.010000,0.260000,-1.689858,0.944058,4.802894,-0.008539,0.004469,-1.009891,0.025971,-0.003597,0.298452,0.809973,-0.004452,0.001913,-0.586448,-0.023569,-0.017637,0.027434
0.010000,0.010000,0.260000,-1.689858,0.944058,4.802894,-0.008539,0.004469,-1.009891,0.025971,-0.003597,0.298452,0.809973,-0.004452,0.001913,-0.586448,-0.023569,-0.017637,0.027434
-0.020000,-0.140000,0.330000,-1.680665,0.943557,4.826260,-0.008539,0.004469,-1.009891,0.025971,-0.003597,0.298452,0.809973,-0.004452,0.001913,-0.586448,-0.023569,-0.017637,0.027434
-0.020000,-0.140000,0.330000,-1.680665,0.943557,4.826260,-0.017280,0.013605,-1.006635,-0.010812,0.007925,0.298543,0.843789,-0.002431,0.000310,-0.536670,-0.021115,-0.022009,0.023781
-0.020000,-0.140000,0.330000,-1.680665,0.943557,4.826260,-0.017280,0.013605,-1.006635,-0.010812,0.007925,0.298543,0.843789,-0.002431,0.000310,-0.536670,-0.021115,-0.022009,0.023781
-0.020000,-0.140000,0.330000,-1.680665,0.943557,4.826260,0.009839,0.005696,-1.017982,-0.027172,-0.012082,0.296805,0.851815,-0.003323,0.000774,-0.523832,-0.021468,-0.012864,0.023309
-0.020000,-0.140000,0.330000,-1.680665,0.943557,4.826260,0.009839,0.005696,-1.017982,-0.027172,-0.012082,0.296805,0.851815,-0.003323,0.000774,-0.523832,-0.021468,-0.012864,0.023309
0.020000,-0.100000,0.210000,-1.676012,0.942427,4.829982,0.009839,0.005696,-1.017982,-0.027172,-0.012082,0.296805,0.851815,-0.003323,0.000774,-0.523832,-0.021468,-0.012864,0.023309
0.020000,-0.100000,0.210000,-1.676012,0.942427,4.829982,0.005863,0.005282,-0.990750,-0.011941,0.026081,0.304222,0.881792,-0.003293,0.002928,-0.471618,-0.016407,-0.021769,0.011735
0.020000,-0.100000,0.210000,-1.676012,0.942427,4.829982,0.005863,0.005282,-0.990750,-0.011941,0.026081,0.304222,0.881792,-0.003293,0.002928,-0.471618,-0.016407,-0.021769,0.011735
0.020000,-0.100000,0.210000,-1.676012,0.942427,4.829982,0.005863,0.005282,-0.990750,-0.011941,0.026081,0.304222,0.881792,-0.003293,0.002928,-0.471618,-0.016407,-0.021769,0.011735
0.020000,-0.100000,0.210000,-1.676012,0.942427,4.829982,-0.009604,0.011822,-1.000959,-0.042529,-0.015763,0.326202,0.909690,-0.005869,0.004324,-0.415223,-0.018944,-0.008728,0.013840
0.020000,-0.100000,0.210000,-1.676012,0.942427,4.829982,-0.009604,0.011822,-1.000959,-0.042529,-0.015763,0.326202,0.909690,-0.005869,0.004324,-0.415223,-0.018944,-0.008728,0.013840
0.020000,0.000000,0.120000,-1.648216,0.947964,4.845376,-0.009604,0.011822,-1.000959,-0.042529,-0.015763,0.326202,0.909690,-0.005869,0.004324,-0.415223,-0.018944,-0.008728,0.013840
0.020000,0.000000,0.120000,-1.648216,0.947964,4.845376,-0.014064,0.013514,-0.996318,-0.009011,0.004111,0.322906,0.916272,-0.005839,0.004652,-0.400487,-0.023438,-0.007842,0.010425
0.020000,0.000000,0.120000,-1.648216,0.947964,4.845376,-0.014064,0.013514,-0.996318,-0.009011,0.004111,0.322906,0.916272,-0.005839,0.004652,-0.400487,-0.023438,-0.007842,0.010425
0.020000,0.000000,0.120000,-1.648216,0.947964,4.845376,0.005507,-0.011047,-0.998589,0.004294,-0.019911,0.319500,0.929092,-0.006967,0.003629,-0.369767,-0.030186,-0.007260,0.003507
0.020000,0.000000,0.120000,-1.648216,0.947964,4.845376,-0.003521,0.011032,-0.981951,0.007393,-0.022590,0.306950,0.945594,-0.006434,0.003724,-0.325263,-0.042708,-0.015289,-0.005381
0.020000,0.000000,0.120000,-1.648216,0.947964,4.845376,-0.003521,0.011032,-0.981951,0.007393,-0.022590,0.306950,0.945594,-0.006434,0.003724,-0.325263,-0.042708,-0.015289,-0.005381
0.020000,0.000000,0.120000,-1.648216,0.947964,4.845376,-0.003521,0.011032,-0.981951,0.007393,-0.022590,0.306950,0.945594,-0.006434,0.003724,-0.325263,-0.042708,-0.015289,-0.005381
0.020000,0.000000,0.120000,-1.648216,0.947964,4.845376,0.001681,-0.007894,-0.984541,-0.018915,0.005802,0.306254,0.955061,-0.006331,0.003725,-0.296318,-0.043821,-0.011621,-0.007172
0.020000,0.000000,0.120000,-1.648216,0.947964,4.845376,0.001681,-0.007894,-0.984541,-0.018915,0.005802,0.306254,0.955061,-0.006331,0.003725,-0.296318,-0.043821,-0.011621,-0.007172
0.020000,0.000000,0.120000,-1.648216,0.947964,4.845376,0.002480,-0.019299,-1.008239,0.020021,-0.028209,0.294638,0.959370,-0.007030,0.002883,-0.282049,-0.049118,-0.012634,-0.004642
0.020000,0.000000,0.120000,-1.648216,0.947964,4.845376,-0.006154,-0.012770,-1.000237,-0.005166,-0.004674,0.275674,0.970812,-0.006669,0.002203,-0.239740,-0.048435,-0.020863,0.003446
0.020000,0.000000,0.120000,-1.648216,0.947964,4.845376,-0.006154,-0.012770,-1.000237,-0.005166,-0.004674,0.275674,0.970812,-0.006669,0.002203,-0.239740,-0.048435,-0.020863,0.003446
-0.350000,0.010000,0.010000,-1.640527,0.979329,4.835120,-0.006154,-0.012770,-1.000237,-0.005166,-0.004674,0.275674,0.970812,-0.006669,0.002203,-0.239740,-0.048435,-0.020863,0.003446
-0.350000,0.010000,0.010000,-1.640527,0.979329,4.835120,0.005811,-0.010973,-0.981466,0.039149,0.019023,0.297832,0.974169,-0.005818,0.002799,-0.225730,-0.048858,-0.026625,0.006778
-0.350000,0.010000,0.010000,-1.640527,0.979329,4.835120,0.005811,-0.010973,-0.981466,0.039149,0.019023,0.297832,0.974169,-0.005818,0.002799,-0.225730,-0.048858,-0.026625,0.006778
-0.350000,0.010000,0.010000,-1.640527,0.979329,4.835120,0.000693,-0.005915,-1.001630,-0.041399,-0.040593,0.288640,0.991554,-0.006261,0.000034,-0.129545,-0.050397,-0.033356,0.002327
-0.300000,-0.100000,-0.010000,-1.655603,1.002024,4.843507,0.000693,-0.005915,-1.001630,-0.041399,-0.040593,0.288640,0.991554,-0.006261,0.000034,-0.129545,-0.050397,-0.033356,0.002327
-0.300000,-0.100000,-0.010000,-1.655603,1.002024,4.843507,-0.002218,-0.008283,-0.987307,0.053808,0.063935,0.200665,0.995427,-0.004892,0.001785,-0.095382,-0.033064,-0.048043,-0.004508
-0.300000,-0.100000,-0.010000,-1.655603,1.002024,4.843507,-0.002218,-0.008283,-0.987307,0.053808,0.063935,0.200665,0.995427,-0.004892,0.001785,-0.095382,-0.033064,-0.048043,-0.004508
-0.160000,-0.180000,-0.040000,-1.656508,1.005850,4.840489,-0.002218,-0.008283,-0.987307,0.053808,0.063935,0.200665,0.995427,-0.004892,0.001785,-0.095382,-0.033064,-0.048043,-0.004508
-0.240000,-0.140000,0.060000,-1.659304,1.010274,4.841556,-0.002218,-0.008283,-0.987307,0.053808,0.063935,0.200665,0.995427,-0.004892,0.001785,-0.095382,-0.033064,-0.048043,-0.004508
-0.380000,-0.090000,0.000000,-1.664897,1.014470,4.841487,-0.002218,-0.008283,-0.987307,0.053808,0.063935,0.200665,0.995427,-0.004892,0.001785,-0.095382,-0.033064,-0.048043,-0.004508
-0.400000,0.020000,0.140000,-1.669899,1.019978,4.842363,-0.002218,-0.008283,-0.987307,0.053808,0.063935,0.200665,0.995427,-0.004892,0.001785,-0.095382,-0.033064,-0.048043,-0.004508
-0.400000,0.020000,0.140000,-1.669899,1.019978,4.842363,0.003308,-0.003142,-0.999343,0.004376,0.050604,0.202355,0.999868,-0.009320,0.001665,-0.013231,-0.035006,-0.043285,0.025724
-0.400000,0.020000,0.140000,-1.669899,1.019978,4.842363,0.003308,-0.003142,-0.999343,0.004376,0.050604,0.202355,0.999868,-0.009320,0.001665,-0.013231,-0.035006,-0.043285,0.025724
-0.220000,-0.170000,0.200000,-1.672744,1.025788,4.845965,0.003308,-0.003142,-0.999343,0.004376,0.050604,0.202355,0.999868,-0.009320,0.001665,-0.013231,-0.035006,-0.043285,0.025724
-0.250000,-0.090000,0.120000,-1.677881,1.030931,4.845475,0.003308,-0.003142,-0.999343,0.004376,0.050604,0.202355,0.999868,-0.009320,0.001665,-0.013231,-0.035006,-0.043285,0.025724
-0.250000,-0.090000,0.120000,-1.677881,1.030931,4.845475,0.008144,-0.001063,-0.983747,-0.023747,-0.074342,0.227042,0.999157,-0.008499,0.002571,0.040070,-0.043166,-0.048530,0.016418
-0.250000,-0.090000,0.120000,-1.677881,1.030931,4.845475,0.008144,-0.001063,-0.983747,-0.023747,-0.074342,0.227042,0.999157,-0.008499,0.002571,0.040070,-0.043166,-0.048530,0.016418
-0.250000,-0.090000,0.120000,-1.677881,1.030931,4.845475,0.007955,-0.003603,-0.976632,-0.030755,-0.003941,0.236076,0.998002,-0.006314,0.002395,0.062827,-0.029640,-0.053800,0.022171
-0.250000,-0.090000,0.120000,-1.677881,1.030931,4.845475,0.007955,-0.003603,-0.976632,-0.030755,-0.003941,0.236076,0.998002,-0.006314,0.002395,0.062827,-0.029640,-0.053800,0.022171
-0.250000,-0.090000,0.120000,-1.677881,1.030931,4.845475,0.007955,-0.003603,-0.976632,-0.030755,-0.003941,0.236076,0.998002,-0.006314,0.002395,0.062827,-0.029640,-0.053800,0.022171
-0.430000,-0.010000,0.230000,-1.702854,1.048711,4.859993,0.007955,-0.003603,-0.976632,-0.030755,-0.003941,0.236076,0.998002,-0.006314,0.002395,0.062827,-0.029640,-0.053800,0.022171
-0.430000,-0.010000,0.230000,-1.702854,1.048711,4.859993,0.011971,0.008356,-0.996266,-0.106770,-0.049340,0.279383,0.993710,-0.006336,0.003751,0.111743,-0.038520,-0.038323,0.026630
-0.430000,-0.010000,0.230000,-1.702854,1.048711,4.859993,0.004409,0.000127,-0.994937,-0.029883,-0.029485,0.278329,0.990094,-0.010650,0.000659,0.140000,-0.037992,-0.036189,0.024513
-0.430000,-0.010000,0.230000,-1.702854,1.048711,4.859993,0.004409,0.000127,-0.994937,-0.029883,-0.029485,0.278329,0.990094,-0.010650,0.000659,0.140000,-0.037992,-0.036189,0.024513
-0.430000,-0.010000,0.230000,-1.702854,1.048711,4.859993,0.002980,-0.000348,-0.992102,0.029244,-0.026168,0.293260,0.988006,-0.010742,0.000542,0.154038,-0.031074,-0.045755,0.027989
-0.430000,-0.010000,0.230000,-1.702854,1.048711,4.859993,0.002980,-0.000348,-0.992102,0.029244,-0.026168,0.293260,0.988006,-0.010742,0.000542,0.154038,-0.031074,-0.045755,0.027989
-0.430000,-0.010000,0.230000,-1.702854,1.048711,4.859993,0.007822,-0.001116,-0.993690,0.044985,-0.004113,0.303452,0.980263,-0.004013,0.001151,0.197653,-0.012022,-0.065096,0.028527
-0.110000,-0.030000,0.230000,-1.724006,1.074552,4.881391,0.007822,-0.001116,-0.993690,0.044985,-0.004113,0.303452,0.980263,-0.004013,0.001151,0.197653,-0.012022,-0.065096,0.028527
-0.110000,-0.030000,0.230000,-1.724006,1.074552,4.881391,0.007317,0.002820,-1.000617,-0.029720,0.020604,0.348765,0.969536,-0.010022,0.004661,0.244698,-0.009319,-0.042664,0.002018
-0.110000,-0.030000,0.230000,-1.724006,1.074552,4.881391,0.007317,0.002820,-1.000617,-0.029720,0.020604,0.348765,0.969536,-0.010022,0.004661,0.244698,-0.009319,-0.042664,0.002018
-0.110000,-0.030000,0.230000,-1.724006,1.074552,4.881391,0.007317,0.002820,-1.000617,-0.029720,0.020604,0.348765,0.969536,-0.010022,0.004661,0.244698,-0.009319,-0.042664,0.002018
-0.110000,-0.030000,0.230000,-1.724006,1.074552,4.881391,0.007317,0.002820,-1.000617,-0.029720,0.020604,0.348765,0.969536,-0.010022,0.004661,0.244698,-0.009319,-0.042664,0.002018
-0.110000,-0.030000,0.230000,-1.724006,1.074552,4.881391,0.017730,0.002925,-0.999200,-0.034652,0.016823,0.381228,0.941432,-0.008801,0.003290,0.337072,-0.004637,-0.063768,-0.017951
-0.110000,-0.030000,0.230000,-1.724006,1.074552,4.881391,0.000987,-0.000542,-0.988569,0.000099,-0.007123,0.367001,0.928156,-0.008535,0.004449,0.372067,0.000310,-0.061457,-0.012328
-0.110000,-0.030000,0.230000,-1.724006,1.074552,4.881391,-0.004633,0.009469,-1.009044,-0.057620,0.026574,0.304614,0.907583,-0.011003,0.005626,0.419690,0.002512,-0.061511,-0.011097
-0.110000,-0.030000,0.230000,-1.724006,1.074552,4.881391,-0.004633,0.009469,-1.009044,-0.057620,0.026574,0.304614,0.907583,-0.011003,0.005626,0.419690,0.002512,-0.061511,-0.011097
-0.110000,-0.030000,0.230000,-1.724006,1.074552,4.881391,-0.004633,0.009469,-1.009044,-0.057620,0.026574,0.304614,0.907583,-0.011003,0.005626,0.419690,0.002512,-0.061511,-0.011097
-0.110000,-0.030000,0.230000,-1.724006,1.074552,4.881391,0.004368,-0.005880,-1.004695,0.063791,-0.002254,0.292801,0.887661,-0.009589,0.005987,0.460359,0.005243,-0.078212,-0.030940
-0.110000,-0.030000,0.230000,-1.724006,1.074552,4.881391,0.004368,-0.005880,-1.004695,0.063791,-0.002254,0.292801,0.887661,-0.009589,0.005987,0.460359,0.005243,-0.078212,-0.030940
-0.110000,-0.030000,0.230000,-1.724006,1.074552,4.881391,0.004368,-0.005880,-1.004695,0.063791,-0.002254,0.292801,0.887661,-0.009589,0.005987,0.460359,0.005243,-0.078212,-0.030940
-0.110000,-0.030000,0.230000,-1.724006,1.074552,4.881391,0.013199,-0.002592,-0.987739,-0.062416,-0.054381,0.273764,0.867929,-0.009014,0.002853,0.496598,-0.017463,-0.078589,-0.028729
-0.110000,-0.030000,0.230000,-1.724006,1.074552,4.881391,0.013199,-0.002592,-0.987739,-0.062416,-0.054381,0.273764,0.867929,-0.009014,0.002853,0.496598,-0.017463,-0.078589,-0.028729
-0.110000,-0.030000,0.230000,-1.724006,1.074552,4.881391,0.008414,-0.020759,-1.000352,-0.041267,-0.027306,0.274656,0.861061,-0.010857,-0.000074,0.508386,-0.017893,-0.075511,-0.026080
-0.110000,-0.030000,0.230000,-1.724006,1.074552,4.881391,-0.003683,0.013086,-0.996561,0.024774,0.017459,0.319794,0.837558,-0.010335,0.003078,0.546242,0.010971,-0.079705,-0.021986
